incident_id,date,protocol,chain,loss_usd,loss_prevented_usd,is_technical,is_lif_relevant,is_intervention,vector_category,ecosystem,scope,authority,time_to_detect_min,time_to_contain_min,containment_success_pct,success_tier,description,notes,intervention_notes,source_type,intervention_source,source_raw,confidence_level,source_file,is_high_fidelity
SAGAEVM-2026-01-21,2026-01-21,SagaEVM,Saga Chainlet,7000000.0,,True,True,True,Access Control / Chain Pause,Other/Multi,Network,Signer Set,0.0,0.0,100.0,Full (100%),SagaEVM chainlet paused at block height 6593800 due to Ethermint codebase vulnerability. Cross-chain activity restricted while mitigation implemented.,,"Protocol team paused entire chainlet, coordinated with Cosmos Labs and Sherlock for remediation. Full post-mortem published.",,https://medium.com/sagaxyz/sagaevm-security-incident-investigation-update-29a1d2a6b0cd,,high,manual_addition,
MAKINAFINANC-2026-01-20,2026-01-20,Makina Finance,Ethereum,4130000.0,,True,True,True,Oracle Manipulation,EVM,Protocol,Delegated Body,1.0,60.0,0.0,Reactive (0%),"Oracle manipulation via share price oracle using 280M USDC flash loan. MEV bots front-ran attacker, capturing most funds.",,"Delegated Body triggered recovery mode, paused all Machines. Negotiated with MEV operators for fund recovery.",,https://rekt.news/makina-rekt,,high,manual_addition,
PMX-2026-01-07,2026-01-07,PMX,Polygon,230000.0,,True,True,True,Contract Vulnerability,EVM,Protocol,Signer Set,60.0,120.0,100.0,Full (100%),Polycule trading bot contract vulnerability exploited. Team immediately took bot offline and committed to treasury compensation.,,"Immediate response: bot taken offline, vulnerability identified, patches scheduled, full treasury compensation promised.",,https://x.com/pmx_trade/status/2008942249326071949,,high,manual_addition,
IPORFUSION-2026-01-07,2026-01-07,IPOR Fusion,Arbitrum,98000.0,0.0,True,True,True,Logic Bug / Attack,EVM,Module,Signer Set,15.0,60.0,0.0,Reactive (0%),,IPOR Fusion legacy vault exploit. Missing fuse validation. Team remediated through fuse controls.,,official_postmortem,https://medium.com/@ipor-labs/post-mortem-ipor-usdc-optimizer-arbitrum-vault-exploit-aff11fd01b62,official_postmortem,,,True
IPOR-2026-01-06,2026-01-06,IPOR,Arbitrum,336000.0,,True,True,True,Contract Vulnerability / EIP-7702,EVM,Protocol,Signer Set,1440.0,2880.0,100.0,Full (100%),EIP-7702 delegation vulnerability in legacy USDC Fusion Optimizer vault. Attacker created malicious circuit-breaker contract to extract funds.,,"Funds recovered with 10% white-hat bounty agreement. IPOR DAO covering deficit, full compensation for affected depositors.",,https://blog.ipor.io/post-mortem-ipor-usdc-optimizer-arbitrum-vault-exploit-aff11fd01b62,,high,manual_addition,
DEBOT-2025-12-30,2025-12-30,DeBot,Ethereum,255000.0,,True,True,True,Private Key Leakage,EVM,Protocol,Signer Set,4320.0,8640.0,100.0,Full (100%),"User private keys compromised, resulting in unauthorized transfers. Ongoing theft detected by SlowMist.",,Team initially denied issues but later provided 100% compensation to affected users.,,https://x.com/evilcos/status/2004936235949981886,,medium,manual_addition,
UNLEASHPROTO-2025-12-30,2025-12-30,Unleash Protocol,Story Protocol,3900000.0,,True,True,True,Privilege Compromise / Governance,Other/Multi,Protocol,Signer Set,60.0,120.0,100.0,Full (100%),"Multisig governance compromise led to unauthorized contract upgrade and theft of WIP, USDC, WETH, stIP, vIP tokens.",,"Immediate suspension of all operations, full investigation initiated. Story Protocol infrastructure unaffected.",,https://x.com/UnleashProtocol/status/2005907998691229933,,high,manual_addition,
FLOWBLOCKCHA-2025-12-27,2025-12-27,Flow Blockchain,Flow,3900000.0,276100000.0,True,True,True,Access Control / Key Compromise,App-Chain,Account,Delegated Body,90.0,60.0,85.0,Partial (1-99%),Counterfeit Token Minting / Access Control,,"Isolated Recovery approach: validators halted network, restricted only affected accounts. CGC authorized burns. 87.96B FLOW duplicated (~7B nominal), 99.25% recovered.",,https://flow.com/post/dec-27-technical-post-mortem,,high,https://flow.com/post/dec-27-technical-post-mortem,
GNOSISCHAIN-2025-12-15,2025-12-15,Gnosis Chain,Gnosis,0.0,9400000.0,True,True,True,Hard Fork / Asset Recovery,EVM,Network,Governance,43200.0,60.0,100.0,Full (100%),Hard Fork / Governance Recovery,,"Governance-approved hard fork ~30 days after initial exploit. Soft fork froze funds, hard fork redistributed $9.4M. Monerium/Stakewise protected â‚¬3M+.",,https://forum.gnosis.io/t/balancer-hack-hard-fork/11884,,high,https://forum.gnosis.io/t/balancer-hack-hard-fork/11884,
LIBRAII-2025-11-20,2025-11-20,Libra II,Ethereum,61500000.0,0.0,True,True,True,Legal/Governance speed conflict,EVM,Protocol,Governance,1440.0,2880.0,0.0,Reactive (0%),"Libra II governance conflict - $61.5M lost through legal/governance speed conflict, DeFi protocol affected by regulatory and governance issues",,Libra II DeFi protocol affected by legal/governance speed conflict. $61.5M lost through regulatory and governance issues. No recovery possible.,,https://rekt.news/libra2/,,medium,rekt_news_extra.txt,
STAKEWISE-2025-11-04,2025-11-04,StakeWise,Ethereum,0.0,20700000.0,True,False,True,Unknown,EVM,Account,Delegated Body,0.0,12.4,100.0,Full (100%),"Emergency multisig (7 members) executed 90-minute recovery operation after Balancer V2 exploit. Burned 5,041 osETH ($19M) and 13,495 osGNO ($1.7M) from attacker, re-minted to DAO. 75% of stolen osTokens recovered. Followed by SWIP-37 to renounce contract ownership.",,"Emergency multisig (7 members) executed 90-minute recovery operation after Balancer V2 exploit. Burned 5,041 osETH ($19M) and 13,495 osGNO ($1.7M) from attacker, re-minted to DAO. 75% of stolen osTokens recovered. Followed by SWIP-37 to renounce contract ownership.",governance_forum,https://forum.stakewise.io/t/swip-37-renounce-oseth-osgno-token-contract-ownership-from-the-dao-address/1990,,high,,True
BALANCER-2025-11-03,2025-11-03,Balancer V2,Multi-chain,94876000.0,45700000.0,True,True,True,Broken Math / Logic Error,EVM,Protocol,Signer Set,21.0,21.0,100.0,Full (100%),"$94.8M exploit via CSP rounding bug (v5 hacked). Hypernative detected at 07:52 UTC; CSPv6 paused at 08:07 UTC ($19.3M protected). StakeWise recovered $21.8M, whitehats $4.6M. Total $45.7M protected/recovered.",,"$94.8M exploit via CSP rounding bug (v5 hacked). Hypernative detected at 07:52 UTC; CSPv6 paused at 08:07 UTC ($19.3M protected). StakeWise recovered $21.8M, whitehats $4.6M. Total $45.7M protected/recovered.",,https://x.com/Balancer/status/1986104426667401241,,high,lif_intervention_metrics.csv,
BERACHAINBEX-2025-11-03,2025-11-03,Berachain BEX,Berachain,0.0,12800000.0,True,True,True,Logic Bug / Code Error,Other/Multi,Network,Signer Set,30.0,30.0,100.0,Full (100%),Precision Loss / Copy-paste bug,,Validators coordinated 30-hour network halt. White-hat cooperation recovered all $12.8M+ via pre-signed transactions. Emergency hard-fork executed.,,https://x.com/berachain/status/1986952318068146323,,high,https://x.com/berachain/status/1986952318068146323,
SONIC-2025-11-03,2025-11-03,Sonic/Beets,Sonic,3195082.0,874380.0,True,True,True,Broken Math / Logic Error,EVM,Account,Signer Set,59.0,120.0,21.5,Partial (1-99%),"Sonic Labs deployed freezeAccount (commit b584c86) ~2hrs after exploit. Beets affected pools: stS/S, wOS/S. Freeze was effective for native $S tokens (21.5% of total value), but permit bypass allowed moving stS tokens. Total value at risk: $4.07M. $3.2M lost, $0.87M frozen.",,"Sonic Labs deployed freezeAccount (commit b584c86) ~2hrs after exploit. Beets affected pools: stS/S, wOS/S. Freeze was effective for native $S tokens (21.5% of total value), but permit bypass allowed moving stS tokens. Total value at risk: $4.07M. $3.2M lost, $0.87M frozen.",,https://x.com/SonicLabs/status/1985401737096671549,,high,lif_intervention_metrics.csv,
PHEMEX-2025-09-15,2025-09-15,Phemex,CeFi,73540000.0,0.0,True,False,True,Access Control / Key Compromise,CeFi,Account,Delegated Body,180.0,720.0,0.0,Reactive (0%),"Phemex exchange breach - $37M stolen through security compromise, centralized exchange affected by access control vulnerability",,Phemex centralized exchange compromised through access control breach. $37M stolen through security vulnerability. Limited recovery.,,https://rekt.news/phemex-rekt/,,medium,rekt_news_extra.txt,
SWISSBORG-2025-09-08,2025-09-08,SwissBorg,Solana,41500000.0,0.0,True,True,True,Partner API Breach (Kiln) / Skeleton Keys,Non-EVM,Account,Delegated Body,240.0,720.0,0.0,Reactive (0%),"SwissBorg exchange breach - $41.5M stolen through security compromise, Solana-based exchange affected by access control vulnerability",,SwissBorg Solana exchange compromised through security breach. $41.5M stolen through access control vulnerability. Limited recovery.,,https://rekt.news/swissborg-rekt/,,medium,rekt_database_raw.txt,
UXLINK-2025-09-01,2025-09-01,UXLink,Arbitrum,41000000.0,0.0,True,True,True,Governance / Voting Exploit,EVM,Protocol,Governance,1440.0,2880.0,0.0,Reactive (0%),"UXLink governance exploit - $41M stolen through voting manipulation, cross-chain protocol exploited via governance attack",,UXLink cross-chain protocol exploited through governance voting manipulation. $41M stolen through admin coup. No recovery.,,https://rekt.news/uxlink-rekt/,,medium,rekt_news_extra.txt,
BTCTURK-2025-08-14,2025-08-14,BtcTurk,CeFi,51700000.0,0.0,True,False,True,Access Control / Key Compromise,CeFi,Account,Delegated Body,120.0,720.0,0.0,Reactive (0%),"BtcTurk private key breach - $54M stolen through hot wallet compromise, Turkish exchange security failure",,BtcTurk Turkish exchange compromised through private key breach. $54M stolen through hot wallet security failure. Limited recovery.,,https://rekt.news/btcturk-rekt/,,high,rekt_news_extra.txt,
CREDIX-2025-08-04,2025-08-04,CrediX,CeFi,4500000.0,0.0,True,False,True,Access Control / Key Compromise,CeFi,Account,Delegated Body,120.0,720.0,0.0,Reactive (0%),"CrediX access control - $4.5M stolen through private key compromise, exchange security breach",,CrediX exchange compromised through access control vulnerability. $4.5M stolen through private key breach. Limited recovery.,,https://rekt.news/credix-rekt/,,medium,rekt_database_raw.txt,
WOOX-2025-07-24,2025-07-24,WOO X,Multi-chain,14000000.0,0.0,True,False,True,Logic Bug / Attack,CeFi,Account,Signer Set,110.0,110.0,0.0,Reactive (0%),,WOO X phishing breach (M). North Korean group access. Team detected 9 account drains in 110 mins and suspended platform-wide withdrawals.,,official_postmortem,https://woox.io/blog/july-24th-security-incident-post-mortem,official_postmortem,,,True
COINDCX-2025-07-20,2025-07-20,CoinDCX,CeFi,44300000.0,0.0,True,False,True,Access Control / Key Compromise,CeFi,Account,Delegated Body,180.0,720.0,0.0,Reactive (0%),"CoinDCX coordinated access control breach - $44.3M stolen through security compromise, Indian exchange affected by coordinated attack",,CoinDCX Indian exchange compromised through coordinated access control breach. $44.3M stolen through security vulnerability.,,https://rekt.news/coindcx-rekt/,,medium,rekt_news_extra.txt,
BIGONE-2025-07-16,2025-07-16,BigONE,CeFi,28000000.0,0.0,True,False,True,Access Control / Key Compromise,CeFi,Account,Delegated Body,120.0,720.0,0.0,Reactive (0%),"BigONE exchange access control - $28M stolen through private key compromise, centralized exchange CeFi security failure",,BigONE centralized exchange compromised through access control vulnerability. $28M stolen through private key breach. Limited recovery.,,https://rekt.news/bigone-rekt/,,medium,rekt_database_raw.txt,
GMX-2025-07-09,2025-07-09,GMX,Arbitrum,42000000.0,0.0,True,True,True,Cross-contract Reentrancy,EVM,Protocol,Governance,120.0,720.0,0.0,Reactive (0%),"GMX exchange security incident - $42M lost through protocol vulnerability, Arbitrum decentralized exchange affected by smart contract bug",,GMX Arbitrum decentralized exchange affected by security incident. $42M lost through protocol vulnerability. Limited recovery.,,https://rekt.news/gmx-rekt/,,medium,rekt_database_raw.txt,
CORKPROTOCOL-2025-05-28,2025-05-28,Cork Protocol,Ethereum,12000000.0,20000000.0,True,True,True,Counterfeit Contracts / Fake Tokens,EVM,Protocol,Signer Set,4.0,54.0,63.0,Partial (1-99%),"Built to hedge depeg risk, but depegged from reality by trusting fake token contracts.",,"Uniswap v4 hook exploit. Hypernative alerted at 11:43 UTC (4 min after exploit). War room with Spearbit, Quantstamp, Certora. All contracts paused by 12:33 UTC. ~$20M in other vaults protected (est.).",,https://www.cork.tech/blog/post-mortem,,high,rekt_news_extra.txt,
SUI-2025-05-22,2025-05-22,Sui/Cetus,Sui,223000000.0,162000000.0,True,True,True,Broken Math / Logic Error,Non-EVM,Account,Governance,0.0,120.0,73.0,Partial (1-99%),~$223M stolen. Validators froze 2 attacker addresses; 90.9% stake vote authorized recovery into recovery multisig.,,~$223M stolen. Validators froze 2 attacker addresses; 90.9% stake vote authorized recovery into recovery multisig.,official_postmortem,https://blog.sui.io/cetus-incident-response-onchain-community-vote/,,high,,True
CREMAFINANCE-2025-05-22,2025-05-22,Crema Finance,Solana,8780000.0,7180000.0,True,False,True,Unknown,Non-EVM,Protocol,Signer Set,0.0,1440.0,81.8,Partial (1-99%),~$8.78M stolen. Attacker exploited tick account manipulation to claim excessive fees. $800k bounty offered; no return observed. 81.8% recovered via negotiation.,,~$8.78M stolen. Attacker exploited tick account manipulation to claim excessive fees. $800k bounty offered; no return observed. 81.8% recovered via negotiation.,security_firm,https://www.certik.com/resources/blog/crema-finance-exploit,,high,,True
UPCX-2025-04-01,2025-04-01,UPCX,CeFi,70000000.0,0.0,True,False,True,Access Control / Key Compromise,CeFi,Account,Delegated Body,120.0,720.0,0.0,Reactive (0%),"UPCX exchange access control - $70M stolen through private key compromise, centralized exchange hot wallet security failure",,UPCX centralized exchange suffered access control compromise. $70M stolen through private key breach. Limited recovery through exchange cooperation.,,https://upcx.com/blog/security-incident,,medium,rekt_database_raw.txt,
NIRVA-2025-02-03,2025-02-03,Nirvana Finance,Solana,3500000.0,0.0,True,False,True,Unknown,Non-EVM,Protocol,Signer Set,0.0,0.0,100.0,Reactive (0%),Flash loan price manipulation. Treasury drained.,,Flash loan price manipulation. Treasury drained.,unofficial_postmortem,https://medium.com/nirvanafinance/technical-post-mortem-d738935aeec,,high,,True
PHEMEX-2025-01-23,2025-01-23,Phemex,CeFi,37000000.0,0.0,True,False,True,Access Control / Key Compromise,CeFi,Account,Delegated Body,120.0,720.0,0.0,Reactive (0%),"Phemex exchange breach - $37M stolen through security compromise, centralized exchange affected by access control vulnerability",,Phemex centralized exchange compromised through access control breach. $37M stolen through security vulnerability. Limited recovery.,,https://rekt.news/phemex-rekt/blog/security-incident,,medium,rekt_database_raw.txt,
POLTERFINANC-2024-11-16,2024-11-16,Polter Finance,Fantom,15700000.0,0.0,True,True,True,Oracle / Price Manipulation,EVM,Protocol,Governance,60.0,720.0,0.0,Reactive (0%),"Polter Finance oracle manipulation - $15.7M stolen through price oracle exploit, Fantom DeFi protocol affected by security vulnerability",,Polter Finance DeFi protocol exploited through oracle manipulation. $15.7M stolen through price oracle vulnerability. Limited recovery.,,,,medium,rekt_database_raw.txt,
DEXX-2024-11-16,2024-11-16,DEXX,Solana,30000000.0,0.0,True,False,True,Access Control / Key Compromise,Non-EVM,Account,Signer Set,120.0,120.0,0.0,Reactive (0%),DEXX terminal private key leak (~$30M). Team suspended operations immediately upon detection.,Private key leak during export_wallet requests.,DEXX terminal private key leak (~$30M). Team suspended operations immediately upon detection.,official_postmortem,https://medium.com/@nitin132/the-history-of-solana-security-incidents-a-comprehensive-analysis-8f217c6971e6,official_postmortem,medium,helius.dev,True
THALALABS-2024-11-15,2024-11-15,Thala Labs,Aptos,25000000.0,0.0,True,True,True,Access Control / Key Compromise,Non-EVM,Protocol,Governance,60.0,720.0,0.0,Reactive (0%),"Thala Labs exploit - $25M stolen through smart contract vulnerability, DeFi protocol affected by access control bug",,Thala Labs DeFi protocol exploited through smart contract vulnerability. $25M stolen through access control bug. Limited recovery.,,,,medium,rekt_database_raw.txt,
DELTAPRIME-2024-11-11,2024-11-11,DeltaPrime,Multi-chain,4750000.0,0.0,True,True,True,Admin Key Compromise / Persistence,EVM,Protocol,Signer Set,0.0,10.0,0.0,Reactive (0%),Admin wallet private key leak on Arbitrum led to a $5.98M loss.,,"$4.75M exploit via claimRewards() vulnerability. Attack began 07:35 UTC, war room assembled by 07:50 UTC. Protocol paused within 10 minutes. Attackers mimicked LFJ contracts to bypass solvency checks. rTKN reimbursement plan implemented for users.",,https://medium.com/@DeltaPrimeDefi/deltaprime-post-mortem-reimbursement-plan-07-12-2024-2d654912715b,,high,rekt_news_extra.txt,
M2EXCHANGE-2024-10-31,2024-10-31,M2 Exchange,CeFi,13700000.0,0.0,True,False,True,Access Control / Key Compromise,CeFi,Account,Delegated Body,120.0,720.0,0.0,Reactive (0%),"M2 exchange access control - $27.4M stolen through private key compromise, centralized exchange affected by security breach",,M2 centralized exchange compromised through access control breach. $27.4M stolen through private key compromise. Limited recovery.,,https://rekt.news/m2-exchange-rekt/,,medium,rekt_news_extra.txt,
TAPIOCADAO-2024-10-18,2024-10-18,Tapioca DAO,Arbitrum,4750000.0,3350000.0,True,True,True,Access Control / Key Compromise,EVM,Protocol,Signer Set,69.0,13.0,70.0,Partial (1-99%),"Tapioca DAO access control - $4.7M stolen through private key compromise, DeFi protocol affected by security vulnerability",,Tapioca DAO DeFi protocol compromised through access control breach. $4.7M stolen through private key compromise. Limited recovery.,,https://mirror.xyz/tapiocada0.eth/RVcRuKmJAavD05ObYsyYOHLDJ4gkEZKwyY_Y0Gx6gNc,,medium,rekt_database_raw.txt,True
RADIANTCAPIT-2024-10-16,2024-10-16,Radiant Capital,Multi-chain,50000000.0,0.0,True,True,True,Access Control / Key Compromise,EVM,Protocol,Delegated Body,0.0,30.0,0.0,Reactive (0%),"Radiant Capital private key compromise - $58M stolen through hot wallet breach, BSC +1 borrowing protocol security failure",,Radiant Capital BSC borrowing protocol compromised through private key breach. $58M stolen through hot wallet security failure. Limited recovery.,,https://medium.com/@RadiantCapital/radiant-post-mortem-fecd6cd38081,,high,rekt_database_raw.txt,
BANKROLL-2024-09-22,2024-09-22,Bankroll,Solana,230000.0,0.0,True,True,True,Flash Loan / Economic Exploit,Non-EVM,Protocol,Governance,30.0,720.0,0.0,Reactive (0%),"Bankroll flash loan attack - $230K stolen through economic exploit, DeFi protocol exploited via flash loan vulnerability",,Bankroll DeFi protocol exploited through flash loan attack. $230K stolen through economic vulnerability. No recovery.,,,,medium,rekt_database_raw.txt,
BINGX-2024-09-20,2024-09-20,BingX,CeFi,44700000.0,0.0,True,False,True,Private Key Compromise (Hot Wallet),CeFi,Account,Delegated Body,180.0,720.0,0.0,Reactive (0%),"BingX centralized exchange breach - $52M stolen through access control compromise, CeFi exchange security failure",,BingX centralized exchange suffered access control compromise. $52M stolen through security breach. Limited recovery.,,https://rekt.news/bingx-rekt/,,medium,rekt_database_raw.txt,
INDODAX-2024-09-11,2024-09-11,Indodax,CeFi,25000000.0,0.0,True,False,True,Access Control / Key Compromise,CeFi,Account,Delegated Body,180.0,720.0,0.0,Reactive (0%),"Indodax private key breach - $47M stolen through hot wallet compromise, Indonesian exchange affected by security vulnerability",,Indodax Indonesian exchange compromised through private key breach. $47M stolen through hot wallet security failure. Limited recovery.,,https://rekt.news/indodax-rekt/,,medium,rekt_news_extra.txt,
TRUFLATION-2024-09-05,2024-09-05,Truflation,Arbitrum,5000000.0,0.0,True,True,True,Access Control / Key Compromise,EVM,Account,Delegated Body,120.0,720.0,0.0,Reactive (0%),"Truflation access control - $5M stolen through private key compromise, oracle protocol affected by security breach",,Truflation oracle protocol compromised through access control breach. $5M stolen through private key compromise. Limited recovery.,,,,medium,rekt_database_raw.txt,
PENPIE-2024-09-03,2024-09-03,Penpie,Arbitrum,27000000.0,0.0,True,True,True,Logic Bug / Code Error,EVM,Protocol,Governance,60.0,720.0,0.0,Reactive (0%),"Penpie reentrancy attack - $27M stolen through smart contract vulnerability, DeFi yield farming protocol exploited via logic bug",,Penpie yield farming protocol exploited through reentrancy vulnerability. $27M stolen through smart contract bug. No recovery achieved.,,https://rekt.news/penpie-rekt/,,high,rekt_database_raw.txt,
SOLANAELF-2024-08-08,2024-08-08,Solana (Core),Solana,0.0,0.0,True,True,True,Oracle / Key Compromise,Non-EVM,Protocol,Signer Set,1440.0,360.0,100.0,Full (100%),,Solana ELF address alignment vulnerability. Coordinated private patch (Signer Set) prevented exploit.,,official_postmortem,https://medium.com/@nitin132/the-history-of-solana-security-incidents-a-comprehensive-analysis-8f217c6971e6,official_postmortem,,,True
WAZIRX-2024-07-18,2024-07-18,WazirX,CeFi,235000000.0,0.0,True,False,True,Multisig Compromise / Blind Signing,CeFi,Account,Delegated Body,240.0,720.0,0.0,Reactive (0%),India's largest exchange had its Safe multisig breached. 45% of customer assets ($235M) were drained. Attributed to Lazarus Group.,,WazirX Indian exchange compromised through multisig vulnerability. $235M stolen through blind signing attack. Limited recovery.,,https://rekt.news/wazirx-rekt/,,high,rekt_news_extra.txt,
BTCTURK-2024-06-22,2024-06-22,BtcTurk,CeFi,54000000.0,0.0,True,False,True,Access Control / Key Compromise,CeFi,Account,Delegated Body,120.0,720.0,0.0,Reactive (0%),"BtcTurk private key breach - $54M stolen through hot wallet compromise, Turkish exchange security failure",,BtcTurk Turkish exchange compromised through private key breach. $54M stolen through hot wallet security failure. Limited recovery.,,https://btcturk.com/blog/security-incident,,high,rekt_database_raw.txt,
SONNEFINANCE-2024-05-14,2024-05-14,Sonne Finance,Optimism,20000000.0,6500000.0,True,True,True,Flash Loan / Precision Loss (C-Token Fork),Other/Multi,Protocol,Signer Set,25.0,30.0,32.5,Partial (1-99%),Exploit involving tick manipulation and flash loans across multiple chains.,,Exploit involving tick manipulation and flash loans across multiple chains.,,https://medium.com/@SonneFinance/post-mortem-sonne-finance-exploit-12f3daa82b06,,,,
ZKASINO-2024-04-20,2024-04-20,ZKasino,Multi-chain,33000000.0,0.0,True,False,True,Rugpull / Exit Scam,Other/Multi,Protocol,Governance,0.0,0.0,0.0,Reactive (0%),Team rugged investors by diverting $33M in bridged funds to their own wallets instead of returning them to users.,,ZKasino gaming protocol exploited through malicious rug pull. $33M stolen through exit scam. No recovery possible.,,https://rekt.news/zkasino-rekt/,,high,rekt_news_extra.txt,
MUNCHABLES-2024-03-26,2024-03-26,Munchables,Blast,62500000.0,0.0,True,True,True,Rogue Developer / In-house Exploit,EVM,Account,Delegated Body,30.0,720.0,0.0,Reactive (0%),"Munchables in-house exploit - $62.5M stolen through rogue developer attack, Blast network gaming protocol compromised by internal team member",,Munchables Blast network gaming protocol exploited by rogue developer. $62.5M stolen through in-house exploit. Internal security failure led to complete loss.,,https://rekt.news/munchables-rekt/,,high,rekt_news_extra.txt,
PARASWAPV6-2024-03-20,2024-03-20,ParaSwap (Augustus V6),Multi-chain,1124000.0,3400000.0,True,True,True,Logic Bug / Code Error,EVM,Asset,Signer Set,15.0,60.0,75.0,Partial (1-99%),,Vulnerability in V6 callback. Team stopped API and whitehats rescued .4M in approved tokens.,,official_postmortem,https://medium.com/@ParaSwap/post-mortem-augustus-v6-vulnerability-of-march-20th-2024-5df663a4bf01,official_postmortem,,,True
SHIDO-2024-02-29,2024-02-29,Shido,Ethereum,2400000.0,0.0,True,True,True,Access Control / Key Compromise,EVM,Account,Delegated Body,90.0,720.0,0.0,Reactive (0%),"Shido access control - $2.4M stolen through private key compromise, DeFi protocol security breach",,Shido DeFi protocol compromised through access control vulnerability. $2.4M stolen through private key breach. No recovery.,,https://shido.io/blog/security-incident,,medium,rekt_database_raw.txt,
SENECA-2024-02-28,2024-02-28,Seneca,Multi-chain,6500000.0,0.0,True,True,True,Access Control / Key Compromise,Other/Multi,Account,Delegated Body,120.0,720.0,0.0,Reactive (0%),"Seneca access control - $6.5M stolen through private key compromise, DeFi yield aggregator security breach",,Seneca DeFi yield aggregator compromised through private key breach. $6.5M stolen across multiple tokens. Limited recovery.,,https://medium.com/seneca-finance/security-incident-update,,medium,rekt_database_raw.txt,
BLUEBERRYPRO-2024-02-23,2024-02-23,BlueberryProtocol,Ethereum,1400000.0,0.0,True,True,True,Logic Bug / Code Error,EVM,Protocol,Governance,30.0,720.0,0.0,Reactive (0%),"Blueberry Protocol logic bug - $1.4M stolen through smart contract vulnerability, DeFi options protocol exploit",,Blueberry Protocol DeFi options platform exploited through smart contract bug. $1.4M stolen through logic vulnerability. No recovery.,,https://medium.com/blueberry/protocol-exploit-post-mortem,,medium,defihacklabs_incidents.json,
FIXEDFLOAT-2024-02-16,2024-02-16,Fixed Float,CeFi,26130157.0,0.0,True,False,True,Access Control / Key Compromise,CeFi,Account,Delegated Body,60.0,1440.0,0.0,Reactive (0%),"Fixed Float exchange breach - $26.13M stolen through access control compromise, centralized exchange hot wallet security failure",,Fixed Float centralized exchange suffered access control compromise. Hot wallet security breach led to $26.13M loss across multiple cryptocurrencies.,,https://fixedfloat.com/blog/security-incident-update,,high,rekt_database_raw.txt,
BEAM-2024-02-15,2024-02-15,BEAM,Avalanche,5170000.0,0.0,True,False,True,Phishing / Social Engineering,EVM,Account,Delegated Body,1440.0,2880.0,0.0,Reactive (0%),"BEAM token phishing - $5.17M stolen through social engineering, coordinated phishing attack on BEAM token holders",,Coordinated phishing attack targeting BEAM token holders. $5.17M stolen through social engineering. Limited recovery.,,https://beam.mw/blog/phishing-incident-update,,medium,rekt_database_raw.txt,
DUELBITS-2024-02-13,2024-02-13,Duelbits,CeFi,4643315.0,0.0,True,False,True,Access Control / Key Compromise,CeFi,Account,Delegated Body,90.0,720.0,0.0,Reactive (0%),"Duelbits exchange access control - $4.64M stolen through private key compromise, gaming platform security breach",,Duelbits gaming platform suffered access control compromise. $4.64M stolen through private key breach. No recovery possible.,,,,medium,rekt_database_raw.txt,
PLAYDAPP-2024-02-09,2024-02-09,PlayDapp,Multi-chain,290000000.0,32000000.0,True,True,True,Access Control / Key Compromise,EVM,Asset,Signer Set,4320.0,120.0,11.0,Partial (1-99%),"PlayDapp private key compromise - $32.35M stolen through phishing attack, unauthorized minting of 1.79B PLA tokens in two attacks 72 hours apart",,Private key compromise via phishing led to unauthorized minting of 1.79B PLA ($290M) across two attacks (Feb 9 10:39 PM and Feb 12 10:09 PM UTC+9). Team failed to detect first attack until second attack occurred 72 hours later. Hacker paused contract on Feb 13 11:05 AM UTC+9 (85 hours after first attack). Only $32M was liquidated before exchanges froze deposits. Migration to PDA with KYC/AML checks implemented.,,https://medium.com/nefture/playdapp-exploit-post-mortem-of-a-290m-heist-f6803349cde8,,high,rekt_database_raw.txt,
MIMSPELL-2024-01-30,2024-01-30,MIMSpell_,Ethereum,65000000.0,0.0,True,True,True,Logic Bug / Code Error,EVM,Protocol,Delegated Body,30.0,1440.0,0.0,Reactive (0%),"MIMSpell precision loss vulnerability - $65M stolen through rounding bug in DeFi lending protocol, exploited through mathematical precision error",,Precision loss vulnerability in MIMSpell protocol allowed exploitation of rounding errors. Hacker exploited mathematical precision bug to drain funds. No recovery possible due to nature of exploit.,,https://medium.com/mim-protocol/mimspell-exploit-post-mortem,,high,defihacklabs_incidents.json,
GAMEE-2024-01-22,2024-01-22,GAMEE,Polygon,16352814.0,0.0,True,True,True,Access Control / Key Compromise,EVM,Asset,Signer Set,9.0,19.0,15.0,Partial (1-99%),"GAMEE token access control - $16.35M stolen through private key compromise, Polygon gaming token security breach",,GAMEE gaming token on Polygon compromised through private key breach. $16.35M in GMEE tokens stolen. Partial recovery through exchange intervention.,,https://medium.com/@gamee/gamee-security-update-january-22nd-2024-51e0676a6d68,,high,rekt_database_raw.txt,
SOCKET-2024-01-16,2024-01-16,Socket,Multi-chain,3300000.0,0.0,True,True,True,Bridge Attack,Other/Multi,Protocol,Governance,60.0,720.0,0.0,Reactive (0%),"Socket bridge vulnerability - $3.3M stolen through incorrect validation, cross-chain bridge protocol security breach",,Socket cross-chain bridge protocol exploited through validation vulnerability. $3.3M stolen across multiple chains. No recovery.,,https://medium.com/socketdottech/security-incident-update,,medium,rekt_database_raw.txt,
SOCKETGATEWA-2024-01-12,2024-01-12,SocketGateway,Ethereum,3300000.0,0.0,True,True,True,Incorrect Validation,EVM,Protocol,Governance,60.0,720.0,0.0,Reactive (0%),"Socket Gateway validation bug - $3.3M stolen through incorrect validation, bridge gateway protocol vulnerability",,Socket Gateway protocol exploited through validation vulnerability. $3.3M stolen through bridge attack. No recovery.,,https://medium.com/socketdottech/gateway-incident-update,,medium,defihacklabs_incidents.json,
RADIANTCAPIT-2024-01-03,2024-01-03,Radiant Capital,Arbitrum,4500000.0,10000000.0,True,True,True,Logic Bug / Code Error,EVM,Protocol,Governance,30.0,720.0,5.0,Partial (1-99%),"Radiant Capital private key compromise - $58M stolen through hot wallet breach, BSC +1 borrowing protocol security failure",,Radiant Capital Arbitrum lending pool exploited through smart contract vulnerability. $4.5M stolen through logic bug. Partial recovery through protocol pause.,,https://rekt.news/radiant-rekt/.capital/blog/security-incident,,high,rekt_news_extra.txt,
AURORY-2023-12-17,2023-12-17,Aurory,Solana,830000.0,0.0,True,True,True,Logic Bug / Attack,Non-EVM,Network,Signer Set,60.0,120.0,0.0,Reactive (0%),Aurory SyncSpace exploit (~$830k). Team detected unusual activity and disabled bridge to contain breach.,Race condition in buy endpoint.,Aurory SyncSpace exploit (~$830k). Team detected unusual activity and disabled bridge to contain breach.,official_postmortem,https://www.binance.com/en/news/flash/8038741,official_postmortem,medium,binance.com,True
HERENCIAARTI-2023-12-07,2023-12-07,Herencia Artife...,Polygon,29586973.0,0.0,True,True,True,Minting Exploit,EVM,Protocol,Governance,1440.0,2880.0,0.0,Reactive (0%),"Herencia Artife NFT exploit - $29.6M stolen through smart contract vulnerability, NFT project affected by minting bug",,Herencia Artife NFT project exploited through smart contract vulnerability. $29.6M stolen through minting bug. Limited recovery.,,,,medium,rekt_database_raw.txt,
BZXPROTOCOL-2023-12-02,2023-12-02,bZxProtocol,Ethereum,208000.0,0.0,True,True,True,Inflation Attack,EVM,Account,Delegated Body,240.0,720.0,0.0,Reactive (0%),"bZx phishing attack - $55M stolen through private key compromise, DeFi lending protocol exploited through social engineering",,bZx DeFi lending protocol compromised through phishing attack. $55M stolen through private key breach. Limited recovery through investigation.,,,,high,defihacklabs_incidents.json,
KYBERSWAP-2023-11-22,2023-11-22,KyberSwap,Arbitrum,48000000.0,0.0,True,True,True,Tick Manipulation / Double Liquidity Counting,EVM,Protocol,Governance,30.0,720.0,0.0,Reactive (0%),"KyberSwap flash loan attack - $45.3M stolen through economic exploit, DeFi exchange protocol exploited via flash loan manipulation",,KyberSwap DeFi exchange exploited through flash loan attack. $45.3M stolen through economic vulnerability. Limited recovery.,,,,high,rekt_news_extra.txt,
DYDX-2023-11-07,2023-11-07,dYdX,dYdX Chain,9000000.0,0.0,True,True,True,Market Manipulation,EVM,Module,Delegated Body,2880.0,2880.0,0.0,Reactive (0%),dYdX v3 insurance fund loss following coordinated manipulation of SUSHI and YFI markets.,,dYdX v3 insurance fund used to cover $9M bad debt after YFI price manipulation. Parameters adjusted post-incident.,,https://dydx.exchange/blog/sushi-yfi-incident,,high,manual_addition,
ONYXPROTOCOL-2023-11-01,2023-11-01,Onyx Protocol,Ethereum,2149772.0,0.0,True,True,True,Flash Loan / Economic Exploit,EVM,Protocol,Governance,60.0,720.0,0.0,Reactive (0%),"Onyx Protocol precision loss - $7.6M stolen through empty market attack, DeFi protocol exploited via Compound v2 fork vulnerability",,Onyx Protocol DeFi protocol exploited through precision loss vulnerability. $7.6M stolen through empty market attack. No recovery.,,https://rekt.news/onyx-protocol-rekt/,,high,rekt_database_raw.txt,
LASTPASSUSER-2023-10-25,2023-10-25,LastPass Users,CeFi,37000000.0,0.0,True,False,True,Seed Phrase Theft / Password Manager Breach,CeFi,Account,Delegated Body,2880.0,7200.0,0.0,Reactive (0%),"LastPass users crypto theft - $37M stolen through password manager breach, crypto users affected by credential theft",,LastPass password manager breach led to $37M crypto theft through seed phrase compromise. Multiple users affected. Limited recovery.,,https://rekt.news/lastpass-users-rekt/,,high,rekt_news_extra.txt,
COINEX-2023-09-12,2023-09-12,CoinEx,CeFi,54300000.0,0.0,True,False,True,Access Control / Key Compromise,CeFi,Account,Delegated Body,180.0,720.0,0.0,Reactive (0%),"CoinEx private key compromise - $54.3M stolen through hot wallet breach, centralized exchange security failure",,CoinEx centralized exchange compromised through private key breach. $54.3M stolen through hot wallet security failure. Limited recovery.,,https://rekt.news/coinex-rekt/,,medium,rekt_news_extra.txt,
STAKE-2023-09-04,2023-09-04,Stake,CeFi,41000000.0,0.0,True,False,True,Access Control / Key Compromise,CeFi,Account,Delegated Body,120.0,720.0,0.0,Reactive (0%),"Stake hot wallet breach - $41M stolen through private key compromise, centralized exchange affected by security vulnerability",,Stake centralized exchange compromised through hot wallet breach. $41M stolen through private key compromise. Limited recovery.,,https://rekt.news/stake-rekt/,,medium,rekt_news_extra.txt,
EXACTLY-2023-08-18,2023-08-18,Exactly Protocol,Optimism,7612038.0,0.0,True,False,True,Logic Bug / Code Error,EVM,Protocol,Signer Set,60.0,114.0,10.0,Partial (1-99%),Exactly Protocol DebtManager exploit - .6M lost before protocol-wide pause. Signer set executed pause to prevent copycat attacks.,"Exactly Protocol pause managed to block most operations but copycats still exploited the withdraw function which was un-pausable. Still, the primary exploit vector was contained.",Exactly Protocol paused all markets (except withdrawals) via Signer Set multisig. Time to contain: 114 mins.,official_postmortem,https://medium.com/@exactly_protocol/exactly-protocol-incident-post-mortem-b4293d97e3ed,https://medium.com/@exactly_protocol/exactly-protocol-incident-post-mortem-b4293d97e3ed,high,incidentmortem.md,True
CURVE-2023-07-30,2023-07-30,Curve Finance,Ethereum,50900000.0,5400000.0,True,True,True,Logic Bug / Code Error,EVM,Module,Delegated Body,0.0,30.0,9.6,Partial (1-99%),"Curve Vyper compiler reentrancy - $69M stolen through compiler bug, DeFi protocol exploited via smart contract compilation vulnerability",,Curve DeFi protocol exploited through Vyper compiler reentrancy bug. $69M stolen through smart contract vulnerability. No recovery possible due to nature of exploit.,,https://hackmd.io/@LlamaRisk/BJzSKHNjn,,high,rekt_news_extra.txt,
ALPHAPO-2023-07-22,2023-07-22,AlphaPo,CeFi,60000000.0,0.0,True,False,True,Access Control / Key Compromise,CeFi,Account,Delegated Body,120.0,720.0,0.0,Reactive (0%),"AlphaPo private key compromise - $60M stolen through hot wallet breach, centralized exchange security failure affecting multiple assets",,AlphaPo centralized exchange compromised through private key breach. $60M stolen through hot wallet security failure. Limited recovery.,,https://rekt.news/alphapo-rekt/,,medium,rekt_news_extra.txt,
POLYNETWORK-2023-07-02,2023-07-02,Poly Network,Multi-chain,4400000.0,0.0,True,True,True,Multisig Compromise (3-of-4),Other/Multi,Network,Delegated Body,60.0,1440.0,0.0,Reactive (0%),"Poly Network bridge exploit - $27.3M stolen through cross-chain vulnerability, bridge protocol exploited via smart contract bug",,Poly Network cross-chain bridge exploited through smart contract vulnerability. $27.3M stolen through bridge exploit. Partial recovery.,,,,high,rekt_news_extra.txt,
EULERFINANCE-2023-03-13,2023-03-13,EulerFinance,Ethereum,197000000.0,197000000.0,True,True,True,Logic Bug / Solvency Check Bypass,EVM,Protocol,Delegated Body,60.0,2880.0,100.0,Full (100%),"Euler Finance flash loan attack - $200M stolen through DeFi lending protocol vulnerability, exploited through donation mechanism bug allowing unlimited borrowing",,Flash loan attack exploited donation mechanism. Hacker "Jacob" returned nearly all funds (~$197M) after negotiations with Euler allies and law enforcement bluffs. Full user reimbursement achieved through whitehat cooperation.,,https://rekt.news/euler-rekt,,high,defihacklabs_incidents.json,
RAYDIUM-2022-12-16,2022-12-16,Raydium,Solana,2200000.0,0.0,True,True,True,Oracle / Key Compromise,Non-EVM,Protocol,Signer Set,0.0,244.0,0.0,Reactive (0%),,Raydium admin key compromise (.2M). Attacker used withdraw_pnl. Team revoked authority in 244 mins.,,official_postmortem,https://www.certik.com/resources/blog/raydium-protocol-exploit-incident-analysis,official_postmortem,,,True
SOLENDUSDH-2022-11-02,2022-11-02,Solend,Solana,1260000.0,0.0,True,True,True,Oracle / Key Compromise,Non-EVM,Module,Signer Set,136.0,26.0,0.0,Reactive (0%),,Solend USDH oracle manipulation (.26M). Team set LTV to 0 in 26 mins from detection.,,official_postmortem,https://medium.com/@nitin132/the-history-of-solana-security-incidents-a-comprehensive-analysis-8f217c6971e6,official_postmortem,,,True
DERIBIT-2022-11-01,2022-11-01,Deribit,CeFi,28000000.0,0.0,True,False,True,Access Control / Key Compromise,CeFi,Account,Delegated Body,180.0,720.0,0.0,Reactive (0%),"Deribit hot wallet breach - $28M stolen through private key compromise, cryptocurrency derivatives exchange affected by security vulnerability",,Deribit derivatives exchange compromised through hot wallet breach. $28M stolen through private key compromise. Limited recovery through investigation.,,https://rekt.news/deribit-rekt/,,high,rekt_news_extra.txt,
TULIPCONTAGION-2022-10-11,2022-10-11,Tulip Protocol,Solana,2500000.0,0.0,True,True,True,Oracle / Key Compromise,Non-EVM,Module,Signer Set,60.0,60.0,0.0,Reactive (0%),,Tulip exposure to Mango exploit (.5M loss). Team suspended affected strategy module.,,official_postmortem,https://medium.com/@nitin132/the-history-of-solana-security-incidents-a-comprehensive-analysis-8f217c6971e6,official_postmortem,,,True
UXDCONTAGION-2022-10-11,2022-10-11,UXD Protocol,Solana,20000000.0,0.0,True,True,True,Oracle / Key Compromise,Non-EVM,Module,Signer Set,60.0,60.0,0.0,Reactive (0%),,UXD exposure to Mango exploit (M loss). Team suspended minting (Module skip) immediately.,,official_postmortem,https://www.helius.dev/blog/solana-hacks,official_postmortem,,,True
MANGOMARKETS-2022-10-11,2022-10-11,Mango Markets,Solana,116000000.0,0.0,True,True,True,Market Manipulation / Price Spiking,Non-EVM,Protocol,Governance,30.0,720.0,70.0,Partial (1-99%),"Mango Markets oracle manipulation - $115M stolen through price oracle manipulation, attacker used massive USDC deposit to manipulate oracle prices and drain platform",,Oracle manipulation attack. Community governance recovered ~70% of funds through negotiation with attacker.,,https://rekt.news/mango-markets-rekt/,,high,rekt_news_extra.txt,
BNBCHAIN-2022-10-06,2022-10-06,BNB Chain,BNB,570000000.0,470000000.0,True,True,True,Logic Bug / Code Error,EVM,Network,Signer Set,0.0,300.0,82.5,Partial (1-99%),"BNB Chain Bridge hack - IAVL proof vulnerability allowing $586M BNB exploitation, bridge suspended for security upgrade",,Attacker forged deposit proofs for a legacy block on the Beacon Chain to mint 2M BNB on BSC.,,https://www.bnbchain.org/en/blog/bnb-chain-a-decentralized-response,,high,rekt_news_extra.txt,
WINTERMUTE-2022-09-20,2022-09-20,Wintermute,Ethereum,160000000.0,0.0,True,True,True,Access Control / Key Compromise,EVM,Account,Delegated Body,240.0,720.0,20.0,Partial (1-99%),"Wintermute private key compromise - $160M stolen through vanity address attack, market maker hot wallet breach using Profanity wallet generator vulnerability",,Profanity wallet generator vulnerability exploited. Wintermute worked with exchanges to freeze some funds.,,https://www.theblock.co/post/166972/wintermute-crypto-hacker-vanity-address,,high,rekt_news_extra.txt,
NOMAD-2022-08-01,2022-08-01,Nomad,Multi-chain,190000000.0,36000000.0,True,True,True,Logic Bug / Code Error,Other/Multi,Protocol,Delegated Body,30.0,1440.0,18.9,Partial (1-99%),"Nomad cross-chain bridge hack - $190M stolen through smart contract initialization vulnerability, affected multiple blockchain networks including Ethereum, Moonbeam, and others",,"Critical initialization bug allowed unlimited withdrawals. Nomad offered 10% whitehat bounty (keep 90% if returned). ~$36M recovered voluntarily through bounty program. Majority of funds remained lost due to copycat attacks.",,https://rekt.news/nomad-rekt/,,high,rekt_news_extra.txt,
NIRVANA-2022-07-28,2022-07-28,Nirvana Finance,Solana,3500000.0,0.0,True,True,True,Oracle / Price Manipulation,Non-EVM,Protocol,Signer Set,0.0,0.0,0.0,,Flash loan price manipulation. Treasury drained.,,,,,,Solana,https://medium.com/@uzaylivakasi/history-of-solana-security-incidents-a-deep-dive-4a0de1030a19,
CREMAFINANCE-2022-07-02,2022-07-02,Crema Finance,Solana,1500000.0,7200000.0,True,True,True,Logic Bug / Code Error,Non-EVM,Protocol,Signer Set,60.0,1440.0,81.8,,Tick account manipulation. Recovered 81.8% via negotiation.,,,,,,Solana,https://medium.com/@uzaylivakasi/history-of-solana-security-incidents-a-deep-dive-4a0de1030a19,
HARMONYBRIDG-2022-06-23,2022-06-23,Harmony Bridge,Harmony,99600000.0,0.0,True,True,True,Access Control / Key Compromise,Other/Multi,Network,Signer Set,0.0,240.0,0.0,Reactive (0%),"Harmony Horizon Bridge hack - $100M stolen through phishing attack on multi-signature wallet, attackers gained internal server access and installed trojan on employee laptop",,"Horizon bridge compromised via phishing attack on 2-of-5 multi-signature wallet. $99.6M stolen, laundered through Tornado Cash/Railgun.",,https://www.elliptic.co/hubfs/Harmony%20Horizon%20Bridge%20Hack%20P1%20briefing%20note%20final.pdf,,high,rekt_news_extra.txt,
WINTERMUTE-2022-06-08,2022-06-08,Wintermute,Multi-chain,27600000.0,0.0,True,True,True,Logic Bug / Code Error,Other/Multi,Account,Delegated Body,240.0,720.0,20.0,Partial (1-99%),"Wintermute private key compromise - $160M stolen through vanity address attack, market maker hot wallet breach using Profanity wallet generator vulnerability",,Profanity wallet generator vulnerability exploited. Wintermute worked with exchanges to freeze some funds.,,https://www.theblock.co/post/166972/wintermute-crypto-hacker-vanity-address,,high,rekt_news_extra.txt,
OPTIMISMWINT-2022-06-08,2022-06-08,Optimism-Wintermute,Optimism,20000000.0,0.0,True,True,True,Bridge Attack,EVM,Account,Delegated Body,240.0,720.0,20.0,Partial (1-99%),"Wintermute private key compromise - $160M stolen through vanity address attack, market maker hot wallet breach using Profanity wallet generator vulnerability",,Profanity wallet generator vulnerability exploited. Wintermute worked with exchanges to freeze some funds.,,https://www.theblock.co/post/166972/wintermute-crypto-hacker-vanity-address,,high,defihacklabs_incidents.json,
EVODEFIBRIDG-2022-06-07,2022-06-07,EvoDeFi Bridge,BSC,66000000.0,0.0,True,True,True,Access Control / Key Compromise,EVM,Account,Delegated Body,180.0,720.0,0.0,Reactive (0%),"EvoDeFi bridge access control - $66M stolen through private key compromise, BSC cross-chain bridge security breach",,EvoDeFi BSC bridge compromised through access control vulnerability. $66M stolen through private key breach. Limited recovery.,,,,medium,rekt_database_raw.txt,
SCREAM-2022-05-15,2022-05-15,Scream,Fantom,35000000.0,0.0,True,True,True,Oracle / Price Manipulation,EVM,Protocol,Governance,60.0,720.0,0.0,Reactive (0%),"Scream oracle exploit - $35M stolen through price oracle manipulation, Fantom DeFi lending protocol exploited via oracle vulnerability",,Scream Fantom DeFi lending protocol exploited through oracle manipulation. $35M stolen through price oracle vulnerability.,,,,high,rekt_database_raw.txt,
FEI-2022-04-30,2022-04-30,Fei / Rari,Ethereum,80000000.0,0.0,True,True,True,Logic Bug / Code Error,EVM,Module,Signer Set,120.0,1440.0,0.0,Reactive (0%),,Fei / Rari Fuse exploit (M). Team paused all DAI borrows to contain the re-entrancy drain.,,news_outlet,https://rekt.news/fei-rari-rekt/,rekt_news,,,False
SADDLEFINANC-2022-04-30,2022-04-30,Saddle Finance,Multi-chain,6200000.0,3800000.0,True,True,True,Logic Bug / Price Manipulation,EVM,Protocol,Signer Set,120.0,1440.0,0.0,Partial (1-99%),,Saddle Finance Meta-pool exploit (M). BlockSec rescued .8M. Admin paused the pools shortly after.,,news_outlet,https://rekt.news/saddle-finance-rekt2/,rekt_news,,,False
AKUTARNFT-2022-04-23,2022-04-23,Akutar NFT,Ethereum,34000000.0,0.0,True,True,True,Denial Of Service,EVM,Protocol,Governance,1440.0,2880.0,0.0,Reactive (0%),"Akutar NFT denial of service - $34M lost through smart contract vulnerability, NFT project affected by minting bug",,Akutar NFT project affected by denial of service vulnerability. $34M lost through smart contract minting bug. No recovery.,,,,medium,defihacklabs_incidents.json,
BEANSTALK-2022-04-17,2022-04-17,Beanstalk,Ethereum,182000000.0,0.0,True,True,True,Governance Attack / Flash Loan,EVM,Protocol,Signer Set,15.0,1440.0,5.0,Partial (1-99%),"Attacker used a flash loan to acquire massive voting power (LP tokens), passed an emergency BIP to drain the protocol's assets, and executed it immediately due to the lack of a governance delay.",,"Flash loan attack on governance system. Attacker borrowed massive BEAN tokens, passed governance proposal to drain treasury.",,https://rekt.news/beanstalk-rekt/,,high,rekt_news_extra.txt,
ELEPHANTMONE-2022-04-12,2022-04-12,Elephant Money,BSC,22200000.0,0.0,True,True,True,Logic Bug / Price Manipulation,EVM,Module,Signer Set,120.0,1440.0,0.0,Reactive (0%),,Elephant Money exploit (.2M). Team paused minting and redeeming of TRUNK to contain the drain.,,news_outlet,https://rekt.news/elephant-money-rekt/,rekt_news,,,False
RONINBRIDGE-2022-03-29,2022-03-29,Ronin Bridge,Ronin,625000000.0,150000000.0,True,True,True,Access Control / Key Compromise,App-Chain,Account,Signer Set,8640.0,8640.0,24.0,Partial (1-99%),Attacker compromised 5 of 9 bridge validator nodes (4 Sky Mavis + 1 Axie DAO) to authorize fraudulent withdrawals of 173.6k ETH and 25.5M USDC. The exploit went unnoticed for 6 days.,,"Sky Mavis validator nodes compromised via spear-phishing. Attacker gained 5/9 validator keys (4 Sky Mavis + 1 Axie DAO) by exploiting gas-free RPC access. 173,600 ETH + 25.5M USDC ($625M total) drained in two transactions. Discovered 6 days later (Mar 29). $150M recovered through Sky Mavis raising $150M to fully reimburse all affected users. Security upgrades: increased validators to 11+, targeting 21+, zero-trust model, $1M bug bounty.",,https://roninchain.com/blog/posts/back-to-building-ronin-security-breach-6513cc78a5edc1001b03c364,,high,rekt_database_raw.txt,
REVESTFINANC-2022-03-27,2022-03-27,Revest Finance,Ethereum,2000000.0,1150000.0,True,True,True,Reentrancy,EVM,Protocol,Signer Set,43.0,94.0,36.5,,"ERC-1155 reentrancy. Team soft-locked Polygon at 66m and paused tokens at 92m, saving $2M extra.",,,,https://revestfinance.medium.com/revest-protocol-exploit-recovery-plan-b06ca33fbdf5,,EVM,https://medium.com/@RevestFinance/3-27-22-revest-finance-exploit-post-mortem-70802c6104dd,
SABER-2022-03-23,2022-03-23,Saber,Solana,48000000.0,0.0,True,False,True,Unknown,Non-EVM,Protocol,Signer Set,90.0,120.0,0.0,Reactive (0%),Cashio response. Saber team frozen stablecoin pools in 120 mins.,,Cashio response. Saber team frozen stablecoin pools in 120 mins.,rekt_news,https://rekt.news/cashio-rekt/,,high,,True
CASHIO-2022-03-23,2022-03-23,Cashio,Solana,48000000.0,0.0,True,True,True,Logic Bug / Incomplete Validation,Non-EVM,Protocol,Signer Set,90.0,120.0,0.0,Reactive (0%),"Solana-based protocol failed to validate the .mint field for Saber LP tokens, allowing the attacker to provide fake collateral and infinite mint $CASH.",,Cashio Solana stablecoin exploited through mint vulnerability. $48M stolen through smart contract bug. No recovery possible. Team frozen pools via Signer Set.,,https://rekt.news/cashio-rekt/,,high,rekt_database_raw.txt,
IRAFINANCIAL-2022-02-08,2022-02-08,IRA Financial,CeFi,36000000.0,0.0,True,False,True,Access Control / Key Compromise,CeFi,Account,Delegated Body,240.0,720.0,0.0,Reactive (0%),"IRA Financial breach - $36M stolen through security compromise, crypto retirement platform affected by access control vulnerability",,IRA Financial crypto retirement platform compromised through security breach. $36M stolen through access control vulnerability.,,https://irafinancial.com/blog/security-incident,,medium,rekt_database_raw.txt,
SUPERFLUID-2022-02-08,2022-02-08,Superfluid,Multi-chain,13000000.0,0.0,True,True,True,Logic Bug / Attack,Other/Multi,Protocol,Signer Set,0.0,246.0,0.0,Reactive (0%),"Superfluid context forgery ($13M+ at risk). Team mobilized at 6:48 AM UTC, protocol frozen at 10:54 AM UTC (~4h).",Vulnerability in host contract. Team blocked agreement invocations.,"Superfluid context forgery ($13M+ at risk). Team mobilized at 6:48, deployed host upgrade to revert agreement calls at 10:54 (246 min).",official_postmortem,https://medium.com/superfluid-blog/08-02-22-exploit-post-mortem-15ff9c97cdd,official_postmortem,high,medium.com,True
WORMHOLE-2022-02-02,2022-02-02,Wormhole,Solana,326000000.0,326000000.0,True,True,True,Logic Bug / Signature Bypass,Non-EVM,Asset,Signer Set,0.0,60.0,100.0,Full (100%),"Attacker bypassed Solana VAA verification by providing a malicious instructions sysvar account, allowing the fraudulent minting of 120k whETH on Solana.",,"Portal bridge exploit; Jump Crypto immediately replenished all 120,000 ETH ($326M) to make users whole. One year later (Feb 21, 2023), Jump Crypto executed counter-exploit via Oasis Multisig to recover $218M collateral from attacker. Full user reimbursement achieved through immediate bailout.",,https://blockworks.co/news/jump-crypto-wormhole-hack-recovery,,high,rekt_database_raw.txt,
SOLFIRE-2022-01-23,2022-01-23,SolFire Finance,Solana,4800000.0,0.0,True,True,False,Insider Threat / Exit Scam,Non-EVM,Protocol,Governance,0.0,0.0,0.0,N/A (No Intervention),SolFire Finance rug pull (~$4.8M). No successful intervention reported.,news_outlet,,,,news_outlet,medium,trmlabs.com,True
CRYPTOCOM-2022-01-17,2022-01-17,Crypto.com,CeFi,34358003.0,0.0,True,False,True,Access Control / Key Compromise,CeFi,Account,Delegated Body,120.0,720.0,0.0,Reactive (0%),"Crypto.com access control breach - $34.4M stolen through private key compromise, centralized exchange affected by security vulnerability",,Crypto.com centralized exchange compromised through access control breach. $34.4M stolen through private key compromise. Limited recovery.,,https://rekt.news/cryptocom-rekt/,,high,rekt_database_raw.txt,
JETPROT-2021-12-21,2021-12-21,Jet Protocol,Solana,0.0,20000000.0,True,True,True,Logic Bug / Attack,Non-EVM,Module,Signer Set,120.0,240.0,100.0,Full (100%),,Jet Protocol array iteration bug (M at risk). Responsible disclosure. Team patched on mainnet within hours of discovery.,,official_postmortem,https://x.com/CharlieYouAI/status/1508842093514567687,official_postmortem,,,True
GRIMFINANCE-2021-12-19,2021-12-19,Grim Finance,Fantom,30000000.0,0.0,True,True,True,Logic Bug / Code Error,EVM,Protocol,Governance,30.0,720.0,0.0,Reactive (0%),"Fork of Beefy Finance; attacker exploited a missing reentrancy guard in the depositFor() function, using a malicious contract to loop multiple deposits within a single call and claim an outsized share of the vault.",,Grim Finance Fantom yield farming protocol exploited through reentrancy attack. $40M stolen through smart contract vulnerability.,,https://rekt.news/grim-finance-rekt/,,high,rekt_database_raw.txt,
BADGERDAO-2021-12-02,2021-12-02,Badger DAO,Ethereum,120000000.0,0.0,True,True,True,Frontend Attack / Malicious Approval,EVM,Protocol,Signer Set,0.0,120.0,0.0,Reactive (0%),Badger DAO front-end compromise via Cloudflare API. Protocol was paused to contain damage.,,Attacker compromised front-end via Cloudflare to inject malicious scripts harvesting user approvals. $120.3M stolen; protocol pause prevented further loss but no recovery achieved.,,https://www.theblock.co/post/126072/defi-protocol-badgerdao-exploited-for-120-million-in-front-end-attack,,high,manual_addition,
MONOX-2021-11-30,2021-11-30,MonoX,Ethereum,31400000.0,0.0,True,True,True,Logic Bug / Code Error,EVM,Protocol,Signer Set,120.0,390.0,0.0,Reactive (0%),"MonoX logic bug - $31.4M stolen through price manipulation, DeFi exchange protocol exploited via smart contract vulnerability",,MonoX DeFi exchange exploited through logic bug. $31.4M stolen through price manipulation vulnerability. No recovery possible.,,https://medium.com/monoswap/exploit-post-mortem-33921a779b43,,high,rekt_news_extra.txt,
BZX-2021-11-05,2021-11-05,bZx,Polygon,55000000.0,0.0,True,False,True,Phishing / Social Engineering,EVM,Account,Delegated Body,240.0,720.0,0.0,Reactive (0%),"bZx phishing attack - $55M stolen through private key compromise, DeFi lending protocol exploited through social engineering",,bZx DeFi lending protocol compromised through phishing attack. $55M stolen through private key breach. Limited recovery through investigation.,,,,high,rekt_news_extra.txt,
CREAMFINANCE-2021-10-27,2021-10-27,Cream Finance,Ethereum,136000000.0,9420000.0,True,True,True,Flash Loan / Economic Exploit,EVM,Protocol,Signer Set,0.0,15.0,0.0,Reactive (0%),"Cream Finance CREAM ETH Exchange (... +1 Flash Loan Attack $130,000,000 10.27.2021",,"Complex flash loan exploit targeting price calculation of wrappable tokens. Attacker used two addresses to manipulate yUSDVault share price via $500M deposits, borrowed against inflated collateral. Stole $136M, protocol paused v1 markets and disabled wrappable token supply/borrow. Yearn recovered $9.42M 'donated' to yUSD vault during attack. Third exploit for C.R.E.A.M. in 2021.",,https://www.merklescience.com/blog/hack-track-analysis-of-c-r-e-a-m-finance-hack,,medium,rekt_database_raw.txt,
ALPHAFINANCE-2021-10-23,2021-10-23,Alpha Finance L...,Ethereum,37500000.0,0.0,True,True,True,Logic Bug / Internal Debt Manipulation,EVM,Protocol,Governance,60.0,720.0,0.0,Reactive (0%),"Attacker used a complex multi-transaction exploit to manipulate internal debt numbers in an unreleased sUSD pool, draining funds from the Iron Bank integration.",,Alpha Finance DeFi lending protocol exploited through internal debt manipulation. $37.5M stolen through logic bug. No recovery.,,https://rekt.news/alpha-finance-rekt/,,high,rekt_database_raw.txt,
VEEFINANCE-2021-09-21,2021-09-21,Vee Finance,Avalanche,36000000.0,0.0,True,True,True,Oracle Manipulation / Flash Loan,EVM,Protocol,Governance,60.0,720.0,0.0,Reactive (0%),"Attacker used flash loans to manipulate the VEE/USDC price on Pangolin, tricking the protocol's lending pools into allowing unauthorized withdrawals.",,Vee Finance Avalanche DeFi protocol exploited through oracle manipulation. $36M stolen through price oracle vulnerability.,,https://rekt.news/veefinance-rekt/,,high,rekt_database_raw.txt,
POLYNETWORK-2021-08-10,2021-08-10,Poly Network,Multi-chain,611000000.0,610000000.0,True,True,True,Access Control / Key Compromise,EVM,Network,Delegated Body,0.0,1440.0,99.8,Full (100%),"Largest crypto hack to date; attacker exploited a vulnerability in the cross-chain manager to modify the pubKey of consensus nodes, allowing them to authorize massive transfers across 3 chains.",,Poly Network cross-chain bridge exploited through smart contract vulnerability. Whitehat hacker 'Mr. White Hat' returned nearly all funds (~$610M) voluntarily after team communication. Only ~$1M bounty paid. Near-total recovery achieved through whitehat cooperation.,,https://www.chainalysis.com/blog/poly-network-hack-august-2021/,,high,rekt_news_extra.txt,
PANCAKEBUNNY-2021-07-16,2021-07-16,PancakeBunny,BSC,45000000.0,0.0,True,True,True,Oracle / Price Manipulation,EVM,Protocol,Governance,60.0,720.0,0.0,Reactive (0%),"Attacker used 8 flash loans to skew the BNB/BUSD and BNB/BUNNY pool prices, allowing them to claim a massive amount of BUNNY and swap it for BNB.",,PancakeBunny yield aggregator exploited through flash loan oracle manipulation. $45M stolen through price oracle vulnerability. No recovery possible.,,https://rekt.news/pancakebunny-rekt/,,high,rekt_news_extra.txt,
SPARTANPROTO-2021-05-02,2021-05-02,Spartan Protocol,BSC,30500000.0,0.0,True,True,True,Flash Loan / Liquidity Share Calculation,EVM,Protocol,Governance,60.0,720.0,0.0,Reactive (0%),"Attacker inflated the pool balance via flash loan before burning LP tokens. The calcLiquidityShare() function used the inflated current balance instead of a cached value, allowing excessive withdrawals.",,Spartan Protocol DeFi protocol exploited through flash loan attack. $30.5M stolen through liquidity share manipulation. No recovery.,,https://rekt.news/spartan-rekt/,,high,rekt_news_extra.txt,
URANIUMFINAN-2021-04-28,2021-04-28,Uranium Finance,BSC,57200000.0,0.0,True,True,True,Logic Bug / Code Error,EVM,Protocol,Governance,30.0,720.0,0.0,Reactive (0%),"A typo in the swap function (using 1000 vs 10000) broke the constant product formula check, allowing the attacker to swap 1 wei for 98% of the pool's reserves.",,Uranium Finance DeFi protocol exploited through math error vulnerability. $57.2M stolen through logic bug. No recovery possible.,,https://rekt.news/uranium-rekt/,,high,rekt_news_extra.txt,
EASYFI-2021-04-19,2021-04-19,EasyFi,Polygon,59000000.0,0.0,True,True,True,Admin Key Compromise / Mnemonic Theft,EVM,Account,Delegated Body,120.0,720.0,0.0,Reactive (0%),Attacker compromised the founder's machine to steal the mnemonic for the admin key. The attacker drained $6M in stablecoins and ~3M EASY tokens (~$53M) from the protocol treasury.,,EasyFi DeFi lending protocol compromised through admin key theft. $59M stolen through mnemonic breach. No recovery possible.,,https://rekt.news/easyfi-rekt/,,medium,rekt_news_extra.txt,
MEERKATFINAN-2021-03-04,2021-03-04,Meerkat Finance,BSC,31000000.0,0.0,True,False,True,Rugpull / Exit Scam,EVM,Protocol,Governance,0.0,0.0,0.0,Reactive (0%),"One day after launch on BSC, the developers upgraded the vault implementation to include a backdoor init() function that allowed them to drain 13M BUSD and 73k BNB to their own address.",,Meerkat Finance DeFi protocol exploited through malicious rug pull. $31M stolen through exit scam. No recovery possible.,,https://rekt.news/meerkat-finance-bsc-rekt/,,high,rekt_news_extra.txt,
PRIMITIVE-2021-02-21,2021-02-21,Primitive Finance,Ethereum,0.0,1300000.0,True,True,True,Logic Bug / Attack,EVM,Asset,Signer Set,60.0,600.0,98.0,Full (100%),,Primitive Finance vulnerability (.3M at risk). Team executed whitehat rescue and frontend approval reset. 98% saved.,,official_postmortem,https://medium.com/@primitivefinance/postmortem-on-the-primitive-finance-whitehack-of-february-21st-2021-17446c0f3122,official_postmortem,,,True
ALPHAHOMORA-2021-02-13,2021-02-13,Alpha Homora V2,Ethereum,37500000.0,0.0,True,True,True,Logic Bug / Code Error,EVM,Protocol,Governance,0.0,720.0,0.0,Reactive (0%),"Alpha Finance internal debt manipulation - $37.5M stolen through logic bug, DeFi lending protocol exploited via internal debt vulnerability",,Alpha Finance DeFi lending protocol exploited through internal debt manipulation. $37.5M stolen through logic bug. No recovery.,,https://rekt.news/alpha-finance-rekt/,,high,rekt_news_extra.txt,
ALPHAFINANCE-2021-02-13,2021-02-13,Alpha Finance,Ethereum,37500000.0,0.0,True,True,True,Logic Bug / Code Error,EVM,Protocol,Governance,60.0,720.0,0.0,Reactive (0%),"Alpha Finance internal debt manipulation - $37.5M stolen through logic bug, DeFi lending protocol exploited via internal debt vulnerability",,Alpha Finance DeFi lending protocol exploited through internal debt manipulation. $37.5M stolen through logic bug. No recovery.,,,,high,rekt_news_extra.txt,
HARVESTFINAN-2020-10-26,2020-10-26,Harvest Finance,Ethereum,33800000.0,0.0,True,True,True,Oracle / Price Manipulation,EVM,Protocol,Governance,60.0,720.0,0.0,Reactive (0%),"Attacker used flash loans to manipulate stablecoin prices in the Curve Y pool, tricking Harvest's vault price calculations into allowing them to withdraw more than they deposited.",,Harvest Finance DeFi yield farming protocol exploited through flash loan oracle manipulation. $33.8M stolen through price oracle vulnerability.,,https://rekt.news/harvest-finance-rekt/,,high,rekt_news_extra.txt,
BANCORPROTOC-2020-06-18,2020-06-18,Bancor Protocol,Ethereum,545000.0,0.0,True,True,True,Access Control / Key Compromise,EVM,Protocol,Governance,120.0,720.0,0.0,Reactive (0%),"Bancor vulnerability - $27.5M stolen through smart contract exploit, DeFi protocol affected by access control vulnerability",,Bancor DeFi protocol exploited through smart contract vulnerability. $27.5M stolen through access control exploit. Limited recovery.,,,,high,defihacklabs_incidents.json,
VECHAIN-2019-12-13,2019-12-13,VeChain,VeChain,6500000.0,4300000.0,True,True,True,Access Control / Key Compromise,EVM,Account,Governance,0.0,10080.0,66.0,Partial (1-99%),VeChain Foundation buyback wallet private key compromise.,,Blocklist implemented via validator software upgrade to freeze 1.1B VET in the attacker address.,,https://x.com/vechainofficial/status/1988689432829108252,,high,manual_addition,
ZAIF-2018-09-01,2018-09-01,Zaif,CeFi,60000000.0,0.0,True,False,True,Security Breach,CeFi,Account,Delegated Body,180.0,720.0,0.0,Reactive (0%),"Zaif hot wallet breach - $60M stolen from Japanese exchange, 5,966 BTC and undisclosed BCH and MonaCoin taken through security vulnerability",,"Zaif Japanese exchange compromised through hot wallet vulnerability. $60M stolen including 5,966 BTC. Limited recovery through investigation.",,https://zaif.jp/blog/security-incident,,high,charoenwong_bernardi_table.txt,
BITHUMB-2018-06-01,2018-06-01,Bithumb,CeFi,71000000.0,0.0,True,False,True,Security Breach,CeFi,Account,Delegated Body,240.0,720.0,0.0,Reactive (0%),"Bithumb coordinated attack - $71M stolen in exchange breach with Coinrail, affected XRP and ETH holdings through security compromise",,Bithumb exchange suffered coordinated attack with Coinrail. $71M stolen through security breach affecting XRP and ETH holdings. Limited recovery through exchange cooperation.,,https://bithumb.com/blog/security-incident-update,,high,charoenwong_bernardi_table.txt,
COINCHECK-2018-01-26,2018-01-26,Coincheck,CeFi,534000000.0,0.0,True,False,True,Access Control / Key Compromise,CeFi,Account,Governance,0.0,0.0,10.0,Partial (1-99%),Theft of 523M NEM tokens from hot wallet; exchange later compensated users.,,Theft of 523M NEM tokens from hot wallet; exchange subsequently compensated affected users using its own funds.,,https://www.bbc.com/news/world-asia-42845505,,high,manual_addition,
NICEHASH-2017-12-01,2017-12-01,NiceHash,CeFi,62000000.0,0.0,True,False,True,Security Breach,CeFi,Account,Delegated Body,240.0,1440.0,0.0,Reactive (0%),"NiceHash payment hack - $62M stolen from mining marketplace, 4,736 BTC taken through internal security breach affecting payment processing",,NiceHash mining marketplace compromised through internal security breach. $62M stolen affecting payment processing. Limited recovery through investigation.,,https://www.nicehash.com/blog/postmortem,,high,charoenwong_bernardi_table.txt,
TETHER-2017-11-21,2017-11-21,Tether,Omni,30950000.0,0.0,True,True,True,Access Control / Key Compromise,Other/Multi,Asset,Signer Set,0.0,60.0,100.0,Full (100%),Tether Treasury wallet key compromise leading to unauthorized minting of USDT.,,"Omni Core software update released to blacklist the attacker address, effectively freezing the stolen funds.",,https://www.bbc.com/news/technology-42065724,,high,manual_addition,
ETHEREUMDAOF-2016-06-17,2016-06-17,Ethereum DAO Fork,Ethereum,60000000.0,60000000.0,True,True,True,Reentrancy,EVM,Network,Governance,0.0,2592000.0,100.0,Full (100%),The DAO reentrancy exploit leading to a contentious hard fork.,,Irregular state change (hard fork) executed to move funds from the 'child DAO' to a withdrawal contract.,,https://ethereumclassic.org,,high,manual_addition,
